,netG,netD
0,0.3778817292891051,0.42924404693277257
