,netG,netD
0,0.38253626907080934,0.22918781134189645
1,0.35067981481552124,0.08871016967653607
